epoch,step,val/bpd,val/nll,val/ppl
0,0,4.9099729611122696,3.4033339146205357,30.06416450913764
