epoch,step,train/bpd,train/nll,train/ppl,val/bpd,val/nll,val/ppl
0,0,,,,4.9099729611122696,3.4033339146205357,30.06416450913764
0,0,4.123400849764956,2.858123673333062,17.428794126269132,,,
1,1,,,,4.900352719415814,3.3966656712123324,29.864356267700945
1,1,4.225309360625548,2.928761270311144,18.704446387161713,,,
2,2,,,,4.858795350557552,3.3678602981567383,29.016374197859648
2,2,4.342321576894549,3.009867958109073,20.28472131544105,,,
3,3,,,,4.634639704660247,3.2124874441964284,24.840799541205175
3,3,4.973316264861883,3.4472401470219323,31.413575712849998,,,
4,4,,,,8.623052464153105,5.977044503348214,394.2733708490483
